{"gen_loss": 0.16905527899507433, "loc_loss": 0.013086106773698702, "_timestamp": 1739676992.1813114, "_runtime": 1231.9553363323212, "_step": 110, "ES": 0.9970703125, "GS": 0.9619140625, "LS": 0.4970703125, "_wandb": {"runtime": 1233}}