{"gen_loss": 1389.0435884915864, "loc_loss": 3.3972252333267163e-07, "_timestamp": 1747850208.1086233, "_runtime": 15.922778367996216, "_step": 0, "_wandb": {"runtime": 17}}