{"gen_loss": 1454.482642540565, "loc_loss": 3.2480080439400127e-06, "_timestamp": 1747698972.3572495, "_runtime": 64.32626843452454, "_step": 0, "_wandb": {"runtime": 64}}