{"gen_loss": 0.14632895006798208, "loc_loss": 0.034770351223414764, "_timestamp": 1739385547.0579236, "_runtime": 1090.7294256687164, "_step": 110, "ES": 0.9970703125, "GS": 0.931640625, "LS": 0.4443359375, "_wandb": {"runtime": 1092}}