{"gen_loss": 0.135439133096952, "loc_loss": 0.025347562914248556, "_timestamp": 1739386906.7577236, "_runtime": 1148.4965875148773, "_step": 110, "ES": 1.0, "GS": 0.96875, "LS": 0.4697265625, "_wandb": {"runtime": 1149}}