{"gen_loss": 1251.1112107496995, "loc_loss": 1.758671118849804e-06, "_timestamp": 1747235146.6607318, "_runtime": 16.956567764282227, "_step": 0, "_wandb": {"runtime": 17}}