{"gen_loss": 0.0942996668163687, "loc_loss": 0.03169733198592439, "_timestamp": 1739377132.1090648, "_runtime": 1119.6835827827454, "_step": 110, "ES": 0.9990234375, "GS": 0.9580078125, "LS": 0.548828125, "_wandb": {"runtime": 1120}}