{"gen_loss": 1464.7223182091345, "loc_loss": 2.0227440508708903e-07, "_timestamp": 1747235214.2056668, "_runtime": 16.03100872039795, "_step": 0, "_wandb": {"runtime": 16}}