{"gen_loss": 0.14829226536676288, "loc_loss": 0.021039725295850076, "_timestamp": 1739407444.9404619, "_runtime": 999.0566239356995, "_step": 110, "ES": 0.9921875, "GS": 0.947265625, "LS": 0.5283203125, "_wandb": {"runtime": 1000}}